{"accuracy": 0.9878, "precision": 0.9879605178078572, "recall": 0.9877385851135314, "f1": 0.9878111739449755}